Algorithm,Silhouette Score,Calinski-Harabasz Index
K-Means,0.3848605918415479,37.87948489473512
Hierarchical,0.37736283277469085,37.57192073396882
GMM,0.1561942130581527,14.68321686521517
